[
    {
        "id": 0,
        "title": "Teste de Post",
        "description": "Funciona?",
        "date": "2021-11-7",
        "time": "09:00:00",
        "participants": [],
        "img": "http://imagem.com.br/essaUrlNaoExiste/euAcho",
        "deleted": false
    },
    {
        "id": 1,
        "title": "Festa",
        "description": "Bora",
        "date": "2021-11-7",
        "time": "09:00:00",
        "participants": [],
        "img": "http://imagem.com.br/essaUrlNaoExiste/euAcho",
        "deleted": false
    },
    {
        "id": 2,
        "title": "Testando Ainda Mais",
        "description": "Ja ta bom",
        "date": "2021-11-7",
        "time": "09:00:00",
        "participants": [],
        "img": "http://imagem.com.br/essaUrlNaoExiste/euAcho",
        "deleted": false
    }
]