[{"sessionHash":"$2b$10$zopzSUpz/UzZ5uZW1MojRuiJBAmpskvsXIt5/njO7AvJkpbQW1Z3.","userId":0,"userType":"adm","create":1636284491240,"expire":1636288091240},{"sessionHash":"$2b$10$3vqh8xeYmIeIMhq53QGGFeB89jg6dJGVTMtgysW9l6Qx2vE3bvbvW","userId":0,"userType":"adm","create":1636332173709,"expire":1636335773709},{"sessionHash":"$2b$10$GnCo5cPsJPJCHcIYFxOxt.yXqi684ufuAtq5jD70CtDTqjbmGP7ZK","userId":0,"userType":"adm","create":1636332213307,"expire":1636335813307},{"sessionHash":"$2b$10$KPgHrs1tjtj4PdXcPvWlYOUjaENx6ZFmHlNcNOBg2983y6/ScfStG","userId":0,"userType":"adm","create":1636332282861,"expire":1636335882861},{"sessionHash":"$2b$10$wxhlDr5GnwygV8nSNcG9Eecn9VZkWUuvbcg0GbeN.Lc9TJZ4asXmC","userId":0,"userType":"adm","create":1636332337123,"expire":1636335937123}]