[
    {
        "id": 0,
        "name": "The Dev",
        "username": "dev",
        "password": "$2b$13$46PR2GkOSq8odzYskC8wD.zrl10VxV9dQzNillv5lbmmtsLk1kOLK",
        "userType": "adm",
        "eventsRegistered": [],
        "deleted": false
    },
    {
        "id": 1,
        "name": "Bruno Fernandes",
        "username": "bruno",
        "password": "$2b$13$XOL58KTERXJF5uKsJnG81uyQgvbbEtHbTau864ukiktPcTf7F376.",
        "userType": "noAdm",
        "eventsRegistered": [],
        "deleted": false
    }
]